{
  "train_loss": [
    0.6130467338413842,
    0.38715379765141483,
    0.2909787694613139,
    0.2299531901328914,
    0.19359903438490325,
    0.15259056507299343,
    0.13045641033789196,
    0.12457336843182139,
    0.10485947711687893,
    0.10316151971560455,
    0.09053147264715485,
    0.09052810702330859,
    0.0852444240084118,
    0.08946421775456496,
    0.08091041289558003,
    0.0742676388214166,
    0.07987340355443566,
    0.07116199964292395,
    0.07424089191764288,
    0.07315788871877021
  ],
  "val_loss": [
    0.44192922049098543,
    0.32243454820579953,
    0.25974018855227365,
    0.3013266927459174,
    0.20100138824847008,
    0.1489930753906568,
    0.20032695454234878,
    0.1616065914846129,
    0.20049406796849023,
    0.13326284544827002,
    0.18332940640652345,
    0.12051516755794485,
    0.15285071349030155,
    0.11210240187485598,
    0.13602331294678152,
    0.12344939632393005,
    0.13488335896076428,
    0.11121508170585406,
    0.133092983907813,
    0.0963182859032208
  ],
  "train_f1": [
    0.6884102564102564,
    0.829908917602203,
    0.8816969166848896,
    0.9113257243195786,
    0.9213732004429679,
    0.9395161290322581,
    0.9498763767138683,
    0.9523381294964028,
    0.9612020632428796,
    0.9621621621621622,
    0.9663827879874496,
    0.9643097643097643,
    0.9662769784172662,
    0.9684968496849685,
    0.9682217714672076,
    0.9749039113723716,
    0.9673055242390078,
    0.9727538842603017,
    0.9714799011902089,
    0.9701726844583988
  ],
  "val_f1": [
    0.7609682299546142,
    0.8640692640692641,
    0.8941798941798942,
    0.8971792538671519,
    0.923368022705771,
    0.9436749769159741,
    0.9174484052532833,
    0.9491833030852994,
    0.9246704331450094,
    0.9508196721311475,
    0.9382022471910112,
    0.9490616621983914,
    0.9464123524069028,
    0.9581056466302368,
    0.954954954954955,
    0.9533213644524237,
    0.9528888888888889,
    0.9539823008849557,
    0.952122854561879,
    0.9622980251346499
  ],
  "train_far": [
    0.28663164039696437,
    0.15966141272621132,
    0.09982486865148861,
    0.07734967892586106,
    0.0642148277875073,
    0.044366608289550497,
    0.03531815528312901,
    0.033566841798015175,
    0.029480443666082896,
    0.025977816695855225,
    0.026561587857559837,
    0.026853473438412143,
    0.024518388791593695,
    0.022475189725627554,
    0.021599532983070636,
    0.015178050204319907,
    0.021891418563922942,
    0.01926444833625219,
    0.021891418563922942,
    0.023642732049036778
  ],
  "val_far": [
    0.30921820303383896,
    0.11901983663943991,
    0.08518086347724621,
    0.060676779463243874,
    0.01750291715285881,
    0.021003500583430573,
    0.026837806301050177,
    0.029171528588098017,
    0.019836639439906652,
    0.025670945157526253,
    0.015169194865810968,
    0.039673278879813305,
    0.030338389731621937,
    0.021003500583430573,
    0.030338389731621937,
    0.0338389731621937,
    0.040840140023337225,
    0.043173862310385065,
    0.030338389731621937,
    0.028004667444574097
  ],
  "train_recall": [
    0.7575620767494357,
    0.8844243792325056,
    0.910158013544018,
    0.9372460496613996,
    0.9390519187358917,
    0.946726862302483,
    0.9539503386004514,
    0.9562076749435666,
    0.9674943566591422,
    0.964334085778781,
    0.9733634311512416,
    0.9697516930022574,
    0.9702031602708804,
    0.9715575620767495,
    0.9697516930022574,
    0.9733634311512416,
    0.9683972911963883,
    0.9751693002257337,
    0.9765237020316027,
    0.9765237020316027
  ],
  "val_recall": [
    0.907942238267148,
    0.9007220216606499,
    0.9151624548736462,
    0.8898916967509025,
    0.8808664259927798,
    0.9223826714801444,
    0.8826714801444043,
    0.944043321299639,
    0.8862815884476535,
    0.9422382671480144,
    0.9043321299638989,
    0.9584837545126353,
    0.9404332129963899,
    0.9494584837545126,
    0.9566787003610109,
    0.9584837545126353,
    0.9675090252707581,
    0.9729241877256317,
    0.9512635379061372,
    0.9675090252707581
  ]
}